"idx","idx_sender","idx_receiver","title","content","createdAt"
1,3,,The Egg Yolk,Fried Omelette,1683270279
2,3,,The Egg Yolk,Fried Omelette,1683270285
3,3,,The Egg Yolk,Fried Omelette,1683270314
4,3,,The Egg Yolk,Fried Omelette,1683270386
5,3,,The Egg Yolk,Fried Omelette,1683270551
6,3,,The Egg Yolk,Fried Omelette,1683270599
7,3,,The Egg Yolk,Fried Omelette,1683270726
8,3,,The Egg Yolk,Fried Omelette,1683270760
9,3,,The Egg Yolk,Fried Omelette,1683270941
10,3,200,The Egg Yolk,Fried Omelette,1683270962
11,3,200,The Egg Yolk,Fried Omelette,1683271021
12,3,200,The Egg Yolkdsadas,Fried Omelettedasdas,1683271040
13,4,100,The Egg Yow,Fried Tilapia,1683271506
